index,name,private_key,public_key,address
0,Account 1,0x1f3dba0c6592285d837dd3b3daa92c8d288f457856e53d8f712094eda8dcb030,63815239733256084741062835767584679641025761085914530234848652508678511947479,0xe31d537bd17a8c79cb9493a4e12ae5fed9819487
1,Account 2,0x9e8d23b683808574f5ffe55ab5ee0be4a005f35d495d61a2c7846d9fb07fb066,23489951070351277157167787085430040693317181751126477755403107024157535081851,0x95ac793ebc59150a6f005220cd49f861db7733a4
2,Account 3,0xfdea9e25dd2d8f5c3635d0f5f568e11c9331c4bbcbc7ba23b9f3c914ab08d5fb,115029731435333003591342252482073854405496644141784162729401710277739895886738,0xb8e38ffde192e9f390b0546f2fb842f83e0c1c44
3,Account 4,0x7ba117d6bac121e402454f5589e4e7ce9b93f989b703a05b48b0e29328c03265,79803635429074051421772549178091331284954174063861726807094675118407085547085,0xd60d757df3bdc7553861b600cd5d521ef41c5d48
4,Account 5,0x2672b3a5f3fe5f20782b3d474dcd75a777375d295cb68bd35bfdd083f25bd9ea,105090410176912228926085709465870614294111391533722956193389588190435606219138,0x88caa6f80621844ed07f5af5156ef72d996f4046
5,Account 6,0xe6dc6eef2cf074a84e09ed77c56e285a42658fc9c73f09c7b14e583a6901ce43,19850771558035737674993015746647584993385797943269104502747662000382811557932,0x1ba5c9e608f7f7459dd83c905394324230c18674
6,Account 7,0xae898ecc670990aa81874ec331dcea0d6e2b1e3f39881ffa3d7d216175798709,3790837328051681950229159818051519827513319834222844161292092333684671594981,0x60fcb255e9680ffccb04fdc038a24e72b423c9a7
7,Account 8,0x27ceb1c324f240d453019c71af5db8ac5788021095ffbc5dadac1994f7e6e946,102548724502286848970959190809188481384302242310011133864096803382274216513521,0xb012b177257f6db92365a2a260d7ecb85f2a7e74
8,Account 9,0xd3b83f964d1244862f23abf3354f03e6a02d3f6011b973b66a416e0dbb424f1e,70531761393186689613440464142852752078469888598335740322315934979602102318531,0x63cd695c654fe81c037205fc048c156860ba1d6b
9,Account 10,0xfbe3d3d5940fec16beade329cd9caf4732f25989499f7bce0162b46388029407,32103281521287547734004745658670959924512823928815573788492059723134802159877,0x244c86e2881bceafeab2338b4b23c09c7a21d7f5
10,Account 11,0x04fc85ae667ff901464f298c012d149ea91b84313e2f8b3076699ad7ba2e7911,27613761559561054569767693958667995743868536198931551758256085324479601146641,0xd554d9448792c26cc85e5451d8a194e55e4d0b90
11,Account 12,0x5e744de9b18b55218802c6bf3dd87c6e47c6466cc2b474ca6613f473e1e9b44f,81792585441872039159931343580536192164962998247883606948566969069081717372708,0x330ff214567d7594d76d356cb0fabf1c2b10344f
12,Account 13,0xe7e439c47f9f22703036ae3b32fbe89fa9f90e1a964a53b57bfd5e3cbecd521b,74995663459187269866989333519821469471469593022701327887426749702251548656343,0x29677e2ed1fe6455bd8b16ea2e4f80681f52fe92
13,Account 14,0x753638f1669ee5c11383941378fe766c839d5337c323ab8080301703334d2f9f,38729885611870316169642516424046587538653649806388971151171230316614179217523,0xd6fc73e01af482c50aa18336c3f65e0f4dc062ed
14,Account 15,0xf2889a7fc211e1874e9177fcb3febe8aed3a8a8c8c22ae5de47c7d33c77a0eca,5765389805313509688190443728302920821701768627638329086892441302713706326,0x6106cab33ac0187d4069a14160b1c17ff9efdbe4
15,Account 16,0xcd6bb123e95b493083fe2dd11a736757f793e52dfac06d7ebb8b8fafd7ab360b,70047490058292197077127527055301387079788197434059979303429887800574262489250,0xa30c5f03ed2c6fe743685751bbfe1fb8145df9bd
16,Account 17,0x43d4578cea5a7181b8d1fbd2a272738d24af15ddb8e80df62931d340133eac88,12900649526715072470100122995809998004768002214553489906403701655868547161937,0x8f50ed0f422361819466433dc2a0a9a710c1325c
17,Account 18,0xf26154c89e9722e999e9269583fa21cff45592afbd4f966cb6e5381a253e1d4c,96226353631320633584288295151539842015321439405451683723494047432050031220028,0x78346dbf41b4e222d83a8e1bd292217f57ef63a5
18,Account 19,0x5863ca4fec66a2666be4b13754d046c6ab53c6a875e1d214cdf9fa9a516de236,86581252771286979760029288522484688786741946231927841127893413929881596237113,0x37a590a37d891cba25f6357004c39d137cad98d4
19,Account 20,0xa265eac6f85ebf1701a7ff0bce42407f132ead1104c39accb1610ad594a8112e,83283546590215874340378792664967901703480178186608763287797371307136830479079,0x72eb45377ce7dfd1719dfbea1151c1331156a088
20,Account 21,0x6f0f76a5e70f1052617efc236c05b5acc10569ef811566bae71e7cdc8e7e7631,62819171122781522194581495583826402577595805240117896735935114586972665378017,0x0b22a27d9d409c1e9638c40b378805a17320bcbb
21,Account 22,0xdda292a9899c9cf1511e25f0c3c0f40fc868be53f56dfbb391e2bc9b067ac76a,98812050038129315762762329308724947110099298449290993615164788034040790541405,0x4c5aec3ecb7285b71fd298123098d45d31bc794c
22,Account 23,0xf99d7b310f7c63768eab6bd81310611d75056a71377886a41837acd1982a7207,11287447391915538836568677979534001037682459105282537467258472503375901896321,0xcae891a0f58331599330d1d50835100b3831d313
23,Account 24,0xd28b9208d2b5fe197767827cbb6ed30b5bcc12da77ce4c6a7e3a87663221fb7c,41031316122815633894739660517208085128167076049232683641660642934408339645660,0xc2c9cd154376096ec9790b44140062bda6ba04c4
24,Account 25,0x440439dcce06672d540cb84843e32841c2ea2f1f9922966d703699363b5653b1,59596491283438295929310961170152630408383749561637354632919493185463617113599,0xd0c1fcc9fe63351eac17351b4735b3fdb497dcaf
25,Account 26,0xf238b2a72344d82249479fddbb4e84747c28107414c1dccb8c724af1e5dc56bd,72932131357187686988998908540312480756533402375524883974480228897790076384293,0x045748c4505333d0a326bb91d60d06ea642b7532
26,Account 27,0x2de1fa813c49a2f3481249e801ad7d95b38d775cfeb219f1ac1008b7efd0f18a,42650820801942204832248427805911386708520699468659651523013957365119346567531,0x2b0a727985e1e2d8a977ff19335b1c72c0390474
27,Account 28,0x525a4b226c82fc42305c79b3f19baba714917659606cff3bb546a6694d451fe0,2717471399912133690441955368010469970691614067525752052172831078423121445803,0xd3ec912fe06a044f44809f2a09a86b3bf7f7ab2d
28,Account 29,0x6599dbf362256f78bc3d5b8e00211e5916be210f24c3750f851f448e26416aba,75900312273248014607911948162592409756383917620581382223764368287598449114717,0xf6e9dbc22bff702c6d8646c7fc35e8e9d33e99a5
29,Account 30,0x76f987aa1deacaa37577e8603da208942270cf727c7c90704a9316c4f957b0ea,57803703358183909213446427706042066989042841745624301736275590593300105226401,0x9d12a99aa25de3e400c486c2c0b25bf16ee274bd
30,Account 31,0x210aa94b5263d46d3617095f4cc298de3f4bb44f6bceadcdce2acdbf83fe3114,91321654427202657195517376686603364079168622001375472438058554247602758239928,0x9808e19d859a4379ace86c0baeb21f77b78904ec
31,Account 32,0x174e72b0ff1c60b07eb41ee9cac5954ff8e87c86b58823ab322d54a42ad3ff78,70369970429979116037452457678337175973575769150479250857209442994928468218209,0xe31920c7b112d0fc4b67aadfa2ac47fc3918d9df
32,Account 33,0x106c8c76fc9575b763af7d0feff0efc18e750eec67e712d57929b1e8df753980,89589688458998627460811131977261341717604466650645298335702098080964461286459,0xbc914fea33f675d9915bde0e19084377189557e2
33,Account 34,0xc686f8146aac5de55618f76fee473f138267154c05095328836fc843025177cd,14931425915477092075556037058944181047722091838201209511968406560391488744797,0xbfabc68ff719c3e78c5d2e54f9c1ac2f43821de9
34,Account 35,0x94ca7acf1d346eb5ea697fd0987cce925c5af41938f083ce30b40b56bb154b18,112307428239571254931564818056826473096289019948366321410770706725005261467262,0xfa17bf2cd71e9066651c067315189655d2cbc2ae
35,Account 36,0x9d3e21408f0050cd7e5faa1655d02cab481095b5f4e120ce32aec45d0d6f524f,99216084610687168210472665412093560384082056227090089387015794847961718700517,0xf08f8e0248b35af7ea70b143556b9eae38ca1f75
36,Account 37,0xf2792af99ea7ee19c71fb93c2ded411b33ff7c9df2e6f6932df6e5f6ce807d6d,98435429224143397163331380684082734806315235708196783380146511766827719727524,0x1139bf8c01d457164ed0bf1f5483418c98dfa06b
37,Account 38,0x3451125eaee1908b0a55f82e9b98d9d8d4f686867f53d75e7dfa3c4ffed3310d,58544535295135871154564839518181766763038523158312199244244704108484946495551,0xc433fd9c76de3d1b1a402ad496c954fbf2f073f2
38,Account 39,0x6048e3d1712bbe19ad3a4056280cf706047482445379ccbfd1186fd767de18fa,97385900541685633744252984754719715897622842981678760729945094010772459065956,0x3c5af3786dcd87aac179beb3f71d9fae539b8e3c
39,Account 40,0x6d08b2a23dfebec904966de6e7200c4962e7e66af8da0b72a1851f537f107007,81866658979291167003209322172684115981209553848576660278809309291907148211071,0xf4766f21d5893c220baf2978042d22155021096f
40,Account 41,0x3e72ff42e29ed15bdac872c77b2e0d639195fa8783e15b7926ba68c5242a957a,78645008243057456874389617281824636506736716142076542647137747696077678020977,0x3c1250770b3b563d2107b25e210109110e609008
41,Account 42,0xbe7b75e5cdc59898b2aa4dff78d1217418251609bd5a672d62b2c34906a822bb,75980325340862586037148408396855387069676043773289025910500423852573934447518,0x9301881e99af6b80e2d63732e4ecd2b41bda0206
42,Account 43,0x1771a1e9e8f9b26912e8b5cddc6c21b411ef7c0a09d0ce3517c0cef8446b76f1,15584390890638961289073043364005597917153815756737598154977838218883855020585,0xe68f829a1ad3a2325cff0b2ac8ecf4dd775aa78c
43,Account 44,0x6d1c35fc3de392ce5b6104608795aa20866e336c1f77b96970d49dec564de6c5,97010724422857490311476796846798716439915311309373183395732049750728305914040,0x7b7c62c7d6bbc8cbe9528ae5d27d60705b9657a7
44,Account 45,0xaecc1f0b96a0481d3439b2479fcf4a361899930e6e026f514451b21a34bc437f,12266517349844749715717935480057391225589365829046134417922312056663395123479,0x9cf05032f40798c8fcf52ec298cc8de2b766827c
45,Account 46,0x1be47aa9f6063882de45e1ec4a18940460acfbb7efef6195b4a382bd20d0f888,22350870077021518159449394052884760333261542416757140746115578084553216572218,0xa2acfb93c398a016dea230d8e1050254eac1a6c0
46,Account 47,0x7387594404db191c5054c28bfda53bdd7e5a64098f69cfd88f9807a75b06c851,74005797453227268026832076959713622372092053235495906740733656921391207355868,0xb0781b2e39b6eba3a5a918ea1c6ef48c77bb1ec8
47,Account 48,0xcd5a3af93f571b49690aa369d462d1d2918455e27a97e0d5285ffe04f3cb5c95,82098008711438245793133903502226894023721343456102131514866985760479224455915,0xb60767aa7d079aa5ee6fef6a8f2c8e18f2a2e638
48,Account 49,0x3ba0534d93da4e158c168ab6683db89a8aa80be3dcb7d3b93fdc7698f21f0cb7,49646660035443446061183910637974006893827441110879773262854424895688608476033,0x2aaf1c1ef5939b82fc1d87b79e87d50a0496eab9
49,Account 50,0x2ddc7a33f61b8845cd522bb82faa35b35760e00d4b7d4d330eb9e0bade6948a6,52135253477176120576170525229957116159555927702501736110225735349043360725839,0x8f6fded012449cb577c40abbe960e64166596466
50,Account 51,0x44a070cb3821da2d1597796b1badc75f813d4a218add402cc05e0b3cba4bc078,44208487584539901535579020722570521522310830822914669481993580328371691775555,0xd73d5f41aabb1f41151a6cf5aa8e5324fe47281a
51,Account 52,0x630dda43905d6f6807d238fc9ff8b87dea817784425f12f0441e1a90c7daa534,50454644159749103991718095620766493986072504159831998462940773828394447292043,0x14ff402837d6b2c46aacc416c9fa9f44e3568382
52,Account 53,0xf50470befe51dca1e8313de68a0b5f7d2d533889835ca3fc80ecb897cbe76e78,58666231598911064136768987096392482977742759138330451084558454057205769598356,0x209f09c8d5cf66b1b4f074b35694563ee6bc9c5f
53,Account 54,0x8aaf3bc13d579e439f20c7c166fcf541586d38bb4bf20ebf30e161f054bcfcc4,68818757841649080112428653830070954357975281682144648162355442554476859861484,0x619030e3cf3e982f39807fb5884b2d5573485b92
54,Account 55,0x7c26a8dc1ed6c2b0f92a59743eb9a9b95b71d24d4dd006a7edc531d956401800,11930048175029221625513681945616244648760320568793653175532444848641030108964,0x147cc0c1b9ec23a4c49c44095eeb9d2cc97cb35b
55,Account 56,0x3a29a3976a35861c34579be3c1eef04eaef5587137b24f0519903f61765799b3,25069268686043237841940308825443936275060513062978966875430572431121627717977,0xb791a5c5e1dcf985882d0da71fa22225eeeffab5
56,Account 57,0x2fcfa0a11c812a138831cd3ecce3512bca810f95b3d89cc3a523ab50d1779254,81736355283348950825373014136426267247632627725694383293079326807809756608618,0x356026d0149a026330d6b327a417daa43b1bbbda
57,Account 58,0x72faa8dd56d3a5b654064c277ab662799ffd32cc4420d9c7dc026b04db49c6cc,113695971668955239177428171032703990607850461948894225482763137056714784281467,0xc05c7702204c27198ac80fc946ad5ec4c7e97434
58,Account 59,0x2c4b4320f50d8715e9f66fc268dd5c5e17bdd003854919c7b1183c9364192016,3722965170480627487880979145950975643064341506095269022621403168433760612479,0x922d42fbc6501ce7edc61f59d783be6a7af61957
59,Account 60,0x89580c3fe8d1534700e416cf32bd7b69960e919d4f92d2a82c59926599370649,26361043835969914451196859383923864762205363212142191401534257068218955616200,0x691325a1594f9e4cc1d17375a5e02897e492dd15
60,Account 61,0x7803bedb25bde11da6111846776084d70950d3c8f5b5e6af4bf08481025e300a,72566088068748700972212652115125988598299672854970303812847358877876849034738,0x9e5f2029967c3b0e090da03fffe41d3a1ab3cbc4
61,Account 62,0x9eeadbe714619c5fbfd3c695dc0ca9e1ccf33860aad9f592e0a5ac5b5ab73804,82762606102877607351718628075218746959576608626247677000006061760644030198443,0xdc35f91538c58b94612cbe4230cf483a254bf017
62,Account 63,0x5a6b16a26efabe33cdc77569aaae13cbae1fcf686fc54a61d08f1fe3fb3205ed,74544021244233220741215142064067004929151619509844257621278586198555031865171,0x5b588ca365851e9dec7c4498cf3efaf9366f967f
63,Account 64,0x2d8228e338e612476b65cdc06363f45ebcca7903afa5ebd7f7c924907e9b931b,102464405429200967177885935173579545572680960318561489596701196570269795445942,0x295ce8f65f420dbe12965a0b5ce30eb99aa34c54
64,Account 65,0xe9b63cec7b49fe5fe559d353c6ce58bde910fb8780999f1d9dc21b39d9db09dc,114371982070991759966209321757611106565625171475330533256225061255398179691572,0xe4bc993e9050196fab002228e1492ea0a3045a58
65,Account 66,0xeef9024bbc436301136f2a4ef1f00ea1e56dd2eba319c961534ebc6520e34f6b,29955303226220712216185810464490920726976414001954260611792213435759330471901,0xc9fa0522de017ed3cea17689f7131b569c66384e
66,Account 67,0xecb180852f23ee2701b6aee340b1c8b7a39b3f6775763422c2745026aa36ef99,53377578816288003619660043877878660724393550000086380250010671083921649040307,0x6cc35eed32451faf82493af67a2d765c61875263
67,Account 68,0xce61ae9d4fe985a46cf19c7bb7d8fc853fe998e916fedc3ef6c61f06bf594fd5,68831317613411338470248214267544585256923504663153161576594460944490343766125,0x2dbf201620058664581b718af9d3dfff3ee0aa27
68,Account 69,0xdc48eba174191405d25a8dac0400709b348bcfa00d45f00071efb671c128eefb,24728901684813173183344550239453537315563981893910404870928806310003140697646,0x94689fab1a8545b0aa85939ac3239467bd5145cf
69,Account 70,0xb064bc0d8b7bb43ef0a8eced861b91151c1447297d7811447db2f71ce72acd17,31691877340861014969341479824775850421425231823473800928603167815952146197130,0x361e07eb607a288bf3e7c7dcc5a577b53cc63c3b
70,Account 71,0x8ee5443017a887ed8cd31cbdf1a54f2aaf5325be4f83e841a0b698ad35b85253,103757901399078516464079033841139020493247948314987946215112150561326842996043,0x32f1a2246e696aabbb61cc12e43a05fdb2e61674
71,Account 72,0x523158749d29319249e961c47068d5785bc84d3c9d5f3e2f412c3d68562153ed,93327792249448023395286340190926092527806311475868464482288479265187485771359,0x7364cffe345a6ff06162597702f01e6aa5f8937d
72,Account 73,0xcc6a5f03fbc24f055a4269cc74360f10a74b88d8709054500ce0128dfd96b2f3,85407251030729637042099221815324934321531729595704818232656631124928066958554,0xe74ae319bbaf39bdf560f3c42dcef7715af8a7c6
73,Account 74,0x9f704be70c6f1a8fae4f60873d8965f036e217d6a4b09bdff04f27434ead4c71,4689096645302761598192576328734548786548763892758991538869397489343093689386,0xa4121513f52beadd96fe08e382462742ec85897f
74,Account 75,0xca89d938b480443aedd08f5b49aebfb07aa5c107381cd8a71be03a7a27235344,107415836699346042122316183456601797983784092838250322116500992101807368336820,0x4563e3685546d2deab25429444b54e8f2e4e0315
75,Account 76,0x1021d71a9b5221e665e01b6ebdbb257b95b9b9c188f90fa974225eaf52cba344,103772674250582458438916336991693243103772520218110807402393171099657402229588,0xba61a9ebc3a825fe05f92f8a30e43310d6d53423
76,Account 77,0x96a94f5aa1704d34f29ebb0c49f3b67b6fa4477e68c4f09f29b8a6305ad9fccd,94690565045339759434673365461585978691361280416194913165749073461327178573621,0xdfe8f59a82a6bcfe65c425724c237dfad9cfda5c
77,Account 78,0xdfe5c5d4ff027831eb15c300f7cee4ad309902dbcb80c6482411d1643d15cb60,54473037764539282017807112415460973787565558312268972557309009992092734197364,0x2c1943f62f26b7418e2f6072b21f75e6e3d2d77c
78,Account 79,0x99d73eb04da5e879e3a7829a3df28ed0e240caca77f1a3601c8ebd9139170a9f,88931284916428369361105199967609267866542039829874952015905505022937400355063,0x27b566e5f7dc36c5f75802702f3dbd6df2bc14da
79,Account 80,0x9c92558d925436c574ce5963945a6d88872cbff62d5719f1be31726d52cb2dc8,26080428878736993398257162639006267271043445475601100414229769749172869207749,0x0bb809885beda1ad73c574d9966ddb4cc469f026
80,Account 81,0xbde4bd5c66baf3d5c5e716d0dfa82cb9be8d8c8e902aa0fb64de0d9ae7e1da01,16904726481787809484519232917416481088684548938122240705204814744925398274590,0x6331270d533133613b1656d7be6a1faa28becc6e
81,Account 82,0x98fd0fffb8ac09f4e6a89687182c4c532634bce169fac6835e469d7121e04626,77312836322150610152011359722190972988438855683845493884022083730259703363321,0x3b2b1c842daa02aa000f5a8e2914e672a5009611
82,Account 83,0x7f2f053b495a21d52997ea7732ea302b2d0cdb543793c4ab53a65fea8c2dc946,13437704011059345802752945669033283290137193482842129507692824993032364539585,0x883822c18b4d491f013acde38b8996e0c749afdf
83,Account 84,0xb3c167cd15ad64ed7db6738f55ef91db1182f826462fea5ca5f86399b10bc2bc,5061690314881777329641849225255175311818112450851703541186237755061281840281,0xf8a636d33166470b571e57afe726f58a4b051037
84,Account 85,0x5a4cd55dd2dcf4949641738632a7fa13590b2af2387c436ebe2b2fce072e2130,52792579746800648396460239517816366972952232765165671897203303743717474376281,0x219fd05e662a758e8d53dc2e5a7c47094441fa44
85,Account 86,0x31ca3fe4ff8cdaa4eb3dc2134e99d4d0eb3178e9e8f9f5f8b500b50947feca0b,90257999265100800320814493284098665865358377379653419778003686457641778236284,0x5599e17c74606154005ede1ed980e8f854667944
86,Account 87,0x67a279e54cd8fefd7a4cbea94e35656f994b38efefd66b9ebf0e9ee6f545b8b0,90868612293653674142038939163882305265401914124607659776612841357832355413551,0x5dd66199a7dfccd1ecb630c2102a9f068ec20c15
87,Account 88,0x3d9e72486e62eff9dbf1caa3985011930a3b7b3a902783bc64b09ff8fd1447d8,21538399625826505743538650966118609001005427584013964324222653804545009695790,0xdd4fe4c189d9b4b197ae6576f822b5828fd27f21
88,Account 89,0x8d7da9c07c5d1e140a8c244c89764bd0eac61ddbff3d627808d7e85977e2defc,19364479079498231689218748723711750109541380431978080446237436266448909604493,0x10bd17b859c9bbbb0a2d4a5fdc9c1420c0429485
89,Account 90,0x1f8519fbf37bb71994378443dabab931d176664334fb0bc9cf38ad5314a9e036,36649852587374850665475705960912136358787867931001350992205562409176520263368,0xd30053514585daa1e9a199594d6912cb3bedcb26
90,Account 91,0x790310c40de230f59dda898fc745250c728fc3ed7307ad8eddab317856be08c9,29131817427706388530302742966235454226220733593029163788039414112856469283767,0xfc569729525d5aea83a84241d0ed821d517d7d6d
91,Account 92,0x66587ac795b44368b6962fa8034e01a12e1910c9e21b9eb0fbeda800c60fc93d,111354654836048282049822879834003516512358677083974399873906037339690732612136,0x58c2ac5f0766fddc6aa8975e5d7939e7c8cc6024
92,Account 93,0xb91194ee128315c24930cb9618fdf9da7ee9dab3bbf8f8f45c0f81e06789d2d2,10788745336749943411180224062998756138858341210456889588236582661262892665937,0x9b8cac3b293389bc5480d528439c8ef9b64fa24b
93,Account 94,0xbc7c31429f960f4b1bc90f9eede5e839b8b39ff1657c7b405370cf0c9f0f0532,49190672478097290378981083264400697998896154410234221055428518325436265571217,0x4988244c4d41534f28aad4a4d880b613eb6525de
94,Account 95,0x491337394dcbe7d4b68d65d2f16ff2d6ec67abdb5cc16de71d9cba85dda1b982,46331487130649286552228500304838729355226170548869034347077914114137072128746,0x4c27af4d96df6072c0f56a785fa62bcd7dbe143e
95,Account 96,0x6f160e25910150acc4f49cf2182632963208f3b4cdbcd6557b1f3eb7cb30ac16,12585488666217701735954619535436888755759845546970965805468265095212767881257,0x87a5259d65a9ed282c23f4e9e4994e0a288a19a8
96,Account 97,0x4fcbda5f97e8e1f2f430dbef04112368b6473e6a9ec060d217e07fd71b016999,93642164611854387127225546170093567407204572710243075314024334225215750260293,0xb2a547d69b6f37556a5e225158238ab6ca11d263
97,Account 98,0xd28339cc52ab747b6195bcf5df760b20a3c8fce23c7d0b49f0eb4d8cd4888c3f,89337525897396540628339785781308302135506064931812143474095585626710837770005,0x60950c6df19b4c2df9f59a03987e50a08c1895fd
98,Account 99,0xddb53b195c60be0ed91907c6c9a43ab5d981a073fc6cd3873ca6b5869aa53a2f,11724606937166659929455685952682846922196156311670000959547740815557037747405,0xcdbe1acc487d793841aeb26437b794623a3c83f7
99,Account 100,0x869ab69e25cdff20f635844b41f0be352d95b384a7ea0fa5d29c940723be7b26,45426640221618727263840659388200554422010116804316820775562329370523958174724,0x9e809cc371366cca838b36bc73e63104a695d95b
